https://ask.com,Page.goto: Timeout 10000ms exceeded.
https://comcast.com,Page.goto: net::ERR_CONNECTION_REFUSED at https://comcast.com/
https://verizonwireless.com,Page.goto: Timeout 10000ms exceeded.
https://directv.com,Page.goto: Timeout 10000ms exceeded.
https://t-mobile.com,Page.goto: Timeout 10000ms exceeded.
https://sprint.com,Page.goto: Timeout 10000ms exceeded.
https://bing.com,Page.goto: Timeout 10000ms exceeded.
https://timewarnercable.com,Page.goto: Timeout 10000ms exceeded.
https://constantcontact.com,Page.goto: Timeout 10000ms exceeded.
https://zoho.com,Page.goto: Timeout 10000ms exceeded.
https://conduit.com,Page.goto: net::ERR_NAME_NOT_RESOLVED at https://conduit.com/
https://mediaplex.com,Page.goto: net::ERR_CONNECTION_REFUSED at https://mediaplex.com/
https://charter.com,Page.goto: Timeout 10000ms exceeded.
https://centurylink.com,Page.goto: Timeout 10000ms exceeded.
https://rdio.com,Page.goto: net::ERR_NAME_NOT_RESOLVED at https://rdio.com/
https://virginmobileusa.com,Page.goto: net::ERR_NAME_NOT_RESOLVED at https://virginmobileusa.com/
https://zagg.com,Page.goto: Timeout 10000ms exceeded.
https://otterbox.com,Page.goto: Timeout 10000ms exceeded.
https://ning.com,Page.goto: Timeout 10000ms exceeded.
https://baidu.com,Page.goto: net::ERR_CONNECTION_RESET at https://baidu.com/
https://rakuten.co.jp,Page.goto: Timeout 10000ms exceeded.
https://bluejeans.com,Page.goto: net::ERR_NAME_NOT_RESOLVED at https://bluejeans.com/
https://atdmt.com,Page.goto: net::ERR_NAME_NOT_RESOLVED at https://atdmt.com/
https://mimecast.com,Page.goto: Timeout 10000ms exceeded.
https://dishnetwork.com,Page.goto: net::ERR_CERT_COMMON_NAME_INVALID at https://dishnetwork.com/
https://airpush.com,Page.content: Unable to retrieve content because the page is navigating and changing the content.
https://ifbyphone.com,Page.goto: net::ERR_CERT_COMMON_NAME_INVALID at https://ifbyphone.com/
https://plantronics.com,Page.goto: net::ERR_CERT_COMMON_NAME_INVALID at https://plantronics.com/
https://rcn.com,Page.goto: Timeout 10000ms exceeded.
https://kudzu.com,Page.goto: net::ERR_NAME_NOT_RESOLVED at https://kudzu.com/
https://whatcounts.com,Page.goto: Timeout 10000ms exceeded.
https://sonyentertainmentnetwork.com,Page.goto: Timeout 10000ms exceeded.
https://verizon.net,Page.goto: net::ERR_SSL_PROTOCOL_ERROR at https://verizon.net/
https://puretalkusa.com,Page.goto: Timeout 10000ms exceeded.
https://rtrk.com,Page.goto: net::ERR_CERT_AUTHORITY_INVALID at https://rtrk.com/
https://infoblox.com,Page.goto: Timeout 10000ms exceeded.
https://niu.edu,Page.goto: Timeout 10000ms exceeded.
https://namecheap.com,Page.goto: Timeout 10000ms exceeded.
https://webcrawler.com,Page.goto: net::ERR_CONNECTION_RESET at https://webcrawler.com/
https://godish.com,Page.goto: Timeout 10000ms exceeded.
https://safelinkwireless.com,Page.goto: Timeout 10000ms exceeded.
https://comcast.net,Page.goto: net::ERR_CONNECTION_REFUSED at https://comcast.net/
https://cellularoutfitter.com,Page.goto: net::ERR_CERT_COMMON_NAME_INVALID at https://cellularoutfitter.com/
https://ivillage.com,Page.goto: net::ERR_CERT_COMMON_NAME_INVALID at https://ivillage.com/
https://vagaro.com,Page.goto: Timeout 10000ms exceeded.
https://findthebest.com,Page.goto: net::ERR_NAME_NOT_RESOLVED at https://findthebest.com/
https://internap.com,Page.goto: Timeout 10000ms exceeded.
https://softlayer.com,Page.goto: net::ERR_CERT_COMMON_NAME_INVALID at https://softlayer.com/
https://myway.com,Page.goto: net::ERR_NAME_NOT_RESOLVED at https://myway.com/
https://dealtime.com,Page.goto: Timeout 10000ms exceeded.
https://brighthouse.com,Page.goto: net::ERR_SSL_UNRECOGNIZED_NAME_ALERT at https://brighthouse.com/
https://sakura.ne.jp,Page.goto: net::ERR_CERT_COMMON_NAME_INVALID at https://sakura.ne.jp/
https://incredimail.com,Page.goto: net::ERR_SSL_PROTOCOL_ERROR at https://incredimail.com/
https://securepaynet.net,Page.goto: Timeout 10000ms exceeded.
https://bluetooth.com,Page.goto: Timeout 10000ms exceeded.
https://surveygizmo.com,Page.content: Unable to retrieve content because the page is navigating and changing the content.
https://televisionfanatic.com,Page.goto: net::ERR_NAME_NOT_RESOLVED at https://televisionfanatic.com/
https://cellphoneshop.net,Page.goto: net::ERR_CERT_COMMON_NAME_INVALID at https://cellphoneshop.net/
https://mywebsearch.com,Page.goto: net::ERR_NAME_NOT_RESOLVED at https://mywebsearch.com/
https://soluto.com,Page.goto: net::ERR_SSL_VERSION_OR_CIPHER_MISMATCH at https://soluto.com/
https://livedoor.jp,Page.goto: net::ERR_CERT_COMMON_NAME_INVALID at https://livedoor.jp/
https://tinydeal.com,Page.goto: net::ERR_CERT_COMMON_NAME_INVALID at https://tinydeal.com/
https://findtherightjob.com,Page.goto: Timeout 10000ms exceeded.
https://buuteeq.com,Page.goto: net::ERR_NAME_NOT_RESOLVED at https://buuteeq.com/
https://test.com,Page.goto: net::ERR_NAME_NOT_RESOLVED at https://test.com/
https://squidoo.com,Page.goto: net::ERR_CERT_COMMON_NAME_INVALID at https://squidoo.com/
https://polycom.com,Page.goto: Timeout 10000ms exceeded.
https://solidsignal.com,Page.goto: Timeout 10000ms exceeded.
https://twcbc.com,Page.goto: net::ERR_NAME_NOT_RESOLVED at https://twcbc.com/
https://promotive.com,Page.goto: Timeout 10000ms exceeded.
https://lyris.com,Page.goto: net::ERR_NAME_NOT_RESOLVED at https://lyris.com/
https://charterbusiness.com,Page.goto: Timeout 10000ms exceeded.
https://qq.com,Page.goto: Timeout 10000ms exceeded.
https://clickability.com,Page.goto: Timeout 10000ms exceeded.
https://totalrecipesearch.com,Page.goto: Timeout 10000ms exceeded.
