https://twitter.com,https://abs.twimg.com/responsive-web/client-web/icon-ios.77d25eba.png
https://att.com,https://www.att.com/scmsassets/global/logos/att-logos/vertical/att_globe_500x500.jpg
https://go.com,https://lumiere-a.akamaihd.net/v1/images/logo_disney_com_black_10761e1c.png?region=0%2C0%2C400%2C172
https://indeed.com,https://prod.statics.indeed.com/eml/assets/images/logo/indeed_logo_1200x630.png
https://whitepages.com,https://www.whitepages.com/static/images/svg/wp_tagline.svg
https://surveymonkey.com,https://prod.smassets.net/assets/content/sm/default-og-share-card-2024.webp
https://aol.com,https://s.yimg.com/cv/apiv2/aolfp/images/og-image.png
https://shopify.com,https://cdn.shopify.com/b/shopify-brochure2-assets/d617483c5e5cdd01ae8b4f2571c76f34.png?originalWidth=2400&originalHeight=1260
https://wix.com,"https://static.wixstatic.com/media/343a2a_f435947596b24c0a87854aa410c4cf48~mv2.jpg/v1/fill/w_1200,h_630,al_c/343a2a_f435947596b24c0a87854aa410c4cf48~mv2.jpg"
https://gotomeeting.com,https://edge.sitecorecloud.io/gototechnol00e8-mktglobalxm07e7-mktglobalpr9498-b870/media/goto/images/shared/logos/goto/goto-logo.svg?h=41&iar=0&w=78
https://dish.com,/content/dam/dish/navelements/dishLogo.svg
https://shareasale.com,https://website-assets.awin.com/awin/image/upload/v1775044254/awin-new/GtM_SocialShare_General.jpg
https://intelius.com,//assets.intelius.com/funnel/assets/themes/clean/img/home/premier-search-tool.svg
https://blackberry.com,/_next/image?url=https%3A%2F%2Fa.storyblok.com%2Ff%2F286245462458556%2F1144x80%2Fdce1888423%2Fbblogo2.png%2Fm%2F1920x0%2Ffilters%3Aformat(webp)%3Aquality(100)&w=640&q=75
https://skype.com,https://statics.teams.cdn.live.net/evergreen-assets/gather/images/og-image.png
https://motorola.com,https://motorolain.vtexassets.com/arquivos/motorola-logo.png
https://reachlocal.com,https://localiq.com/wp-content/uploads/2023/02/localiq-featured-image-2025.png
https://qualcomm.com,https://s7d1.scene7.com/is/image/dmqualcommprod/engineering-human-progress
https://rackspace.com,/themes/custom/hansel/images/rs-logo-2021B.svg
https://cox.com,https://webcdn.cox.com/content/dam/cox/residential/images/general/cox-logo-og-image.jpg
https://box.com,https://assets.box.com/sites/default/files/box_default_og_sharing_image/box-social.jpg
https://spiceworks.com,https://zd-brightspot.s3.us-east-1.amazonaws.com/wp-content/uploads/2024/10/28090803/Metadata_FeatureImage-Default.png
https://metropcs.com,https://www.metrobyt-mobile.com/content/dam/digx/metro/us/en/branding/logos/corporate/metro-d-light-2022.svg
https://verticalresponse.com,https://verticalresponse.com/wp-content/themes/verticalresponse/assets/images/vr-logomark-white.svg
https://alot.com,site-logo-svg
https://sulekha.com,https://sulcdn.azureedge.net/content/images/skIconSulekhaLogoLight.svg
https://formstack.com,https://cdn.prod.website-files.com/5ebb0930dd82631397ddca92/685b02e910b8b9e4bb7de167_logo-Formstack-by-Intellistack.svg
https://icontact.com,https://www.icontact.com/wp-content/uploads/2024/01/fc-logo-1.png
https://bigcommerce.com,https://storage.googleapis.com/s.mkswft.com/RmlsZToyOTllMzFlYS00OGI4LTQ4ZTAtOTA0Ny1kNzIxNTBkODNhMjE=/BigCommerce-Social-Image-Generic-Facebook.jpg
https://yandex.ru,https://s3.dzeninfra.ru/zen/opengraph/general.png
https://univision.com,https://www.univision.com/api/image/og/us
https://jawbone.com,http://static1.squarespace.com/static/5c86c2f47eb88c1bb558b38e/t/5c86d0000852293752f1f113/1552338947641/jawbone_logo_black-01.jpg?format=1500w
https://networksolutions.com,/content/experience-fragments/netsol/site-header/master/_jcr_content/root/header/logo.coreimg.svg/1774292277595/redesign-logo.svg
https://8x8.com,https://cpaas.8x8.com/wp-content/uploads/2025/11/8x8-Logo_White.svg
https://vonage.com,https://www.vonage.com/content/dam/vonage/us-en/brand/logos/VonageLogo_Symbol_Black.svg
https://mitel.com,https://www.mitel.com/sites/default/files/2026-03/social-hero-home-2-1200x630px.jpg
https://bluehost.com,https://www.bluehost.com/content/dam/bluehost/default-og-image.png
https://ringcentral.com,/content/dam/rc-www/en_us/images/svg/logo/dark/Restoration-Hardware.svg
https://paltalk.com,http://www.paltalk.com/f/paltalk.png
https://sharefile.com,/images/sharefilelibraries/sharefile-logos/sharefile-logo-nav.svg?temp=v2
https://riverbed.com,/riverbed-wp-content/themes/riverbed/dist/images/header/riverbed-logo.png
https://marinsoftware.com,https://cdn.prod.website-files.com/60ffbc3a211dee0d1874db96/651da4b6bdc114c7f75a8c52_marin-title-small-og.webp
https://mycricket.com,https://www.cricketwireless.com/uiassets/cricketwirelesslogo.jpg
https://gotowebinar.com,https://edge.sitecorecloud.io/gototechnol00e8-mktglobalxm07e7-mktglobalpr9498-b870/media/goto/images/shared/logos/goto/goto-logo.svg?h=41&iar=0&w=78
https://mail.com,"data:image/svg+xml;base64,PD94bWwgdmVyc2lvbj0iMS4wIiBlbmNvZGluZz0idXRmLTgiPz4KPCEtLSBHZW5lcmF0b3I6IEFkb2JlIElsbHVzdHJhdG9yIDI0LjMuMCwgU1ZHIEV4cG9ydCBQbHVnLUluIC4gU1ZHIFZlcnNpb246IDYuMDAgQnVpbGQgMCkgIC0tPgo8c3ZnIHZlcnNpb249IjEuMSIgaWQ9IkxheWVyXzEiIHhtbG5zPSJodHRwOi8vd3d3LnczLm9yZy8yMDAwL3N2ZyIgeG1sbnM6eGxpbms9Imh0dHA6Ly93d3cudzMub3JnLzE5OTkveGxpbmsiIHg9IjBweCIgeT0iMHB4IgoJIHZpZXdCb3g9IjAgMCA1NDIuNSAxNDUiIHN0eWxlPSJlbmFibGUtYmFja2dyb3VuZDpuZXcgMCAwIDU0Mi41IDE0NTsiIHhtbDpzcGFjZT0icHJlc2VydmUiPgo8c3R5bGUgdHlwZT0idGV4dC9jc3MiPgoJLnN0MHtmaWxsOiNGRkZGRkY7fQo8L3N0eWxlPgo8cGF0aCBjbGFzcz0ic3QwIiBkPSJNMTgzLjksMjEuNmMtMTkuNywwLTM1LjcsMTYtMzUuNywzNy40YzAsMjEuMywxNS45LDM3LjMsMzUuNSwzNy4zYzEwLjEsMCwxOS01LjEsMjQuNi0xMi44djExaDExLjNWNTkKCUMyMTkuNSwzOC4xLDIwNC4xLDIxLjYsMTgzLjksMjEuNnogTTE4My45LDg1LjRjLTEzLjIsMC0yNC0xMS40LTI0LTI2LjRjMC0xNC45LDEwLjgtMjYuNiwyNC0yNi42YzEzLDAsMjQsMTEuOSwyNCwyNi42CglTMTk3LDg1LjQsMTgzLjksODUuNHogTTI4MC4zLDgzLjV2MTFjLTE2LjcsMS45LTI4LjItNy45LTI4LjItMjUuOVYyLjVoMTEuNnY2NS43QzI2My44LDgwLjcsMjcxLjUsODMuOSwyODAuMyw4My41eiBNMjI5LjgsMjMuNAoJaDExLjd2NzEuMWgtMTEuN1YyMy40eiBNMjI5LjgsMi41aDExLjd2MTEuN2gtMTEuN1YyLjV6IE0zMDguMSw1OWMwLDE0LjQsMTAuOCwyNS45LDIzLjksMjUuOWM5LjQsMCwxNi43LTQuOCwyMC42LTEyLjZoMTIuNgoJQzM2MC41LDg2LjcsMzQ3LjksOTYsMzMyLjEsOTZjLTE5LjYsMC0zNS42LTE2LjYtMzUuNi0zNy4xYzAtMjAuNiwxNi0zNy40LDM1LjYtMzcuNGMxNS45LDAsMjguMyw5LjQsMzMuMSwyMy43aC0xMi42CgljLTQtNy43LTExLjMtMTIuNi0yMC42LTEyLjZDMzE4LjksMzIuOCwzMDguMSw0NC43LDMwOC4xLDU5eiBNNDAyLjYsMjEuNmMtMjAuMSwwLTM1LjcsMTYuOC0zNS43LDM3LjVjMCwyMC40LDE1LjYsMzcuMSwzNS43LDM3LjEKCWMyMC4zLDAsMzUuNy0xNi43LDM1LjctMzcuMUM0MzguNCwzOC41LDQyMi45LDIxLjYsNDAyLjYsMjEuNnogTTQwMi42LDg1Yy0xMy4xLDAtMjMuOS0xMS42LTIzLjktMjUuOGMwLTE0LjUsMTAuOC0yNi40LDIzLjktMjYuNAoJYzEzLjMsMCwyNCwxMS45LDI0LDI2LjRDNDI2LjYsNzMuNCw0MTUuOSw4NSw0MDIuNiw4NXogTTI4Ni40LDgyLjhoMTEuN3YxMS43aC0xMS43VjgyLjh6IE01MzkuOCw0OXY0NS41aC0xMS43di00NgoJYzAtOS4yLTYuMS0xNi4xLTE1LjUtMTYuMWMtOS40LDAtMTUuNSw2LjktMTUuNSwxNi4xdjQ2aC0xMS43di00NmMwLTkuMi02LjEtMTYuMS0xNS41LTE2LjFzLTE1LjUsNi45LTE1LjUsMTYuMXY0NmgtMTEuN1YyMS42SDQ3MAoJYzkuNywwLDE3LjEsNC42LDIxLjMsMTEuN2M0LjMtNy4yLDExLjctMTEuNywyMS40LTExLjdDNTI4LjgsMjEuNiw1MzkuOCwzMy41LDUzOS44LDQ5eiIvPgo8cGF0aCBjbGFzcz0ic3QwIiBkPSJNMTA3LjYsMi41SDIuNXY5MS40YzAsOC4yLDUuNiwxNSwxMy4xLDE3bDAsMGwxMjYuOSwzMS43VjM3LjVDMTQyLjYsMTguMiwxMjYuOSwyLjUsMTA3LjYsMi41eiBNMTI1LjEsOTMuOQoJaC0xNy42VjUzLjhjMC0zLjktMS4zLTEzLTEyLjktMTNjLTcuNywwLTEzLjMsNS4zLTEzLjMsMTN2NDAuMUg2My43VjUzLjhjMC0zLjktMS4yLTEzLTEyLjgtMTNjLTcuOSwwLTEzLjMsNS4zLTEzLjMsMTN2NDAuMUgyMAoJVjIzLjZoMzAuOWM5LjMsMCwxNi45LDMuNywyMS44LDkuN2M1LjItNiwxMi45LTkuNywyMS44LTkuN2MxOS4yLDAsMzAuNSwxMi43LDMwLjUsMzAuNkwxMjUuMSw5My45TDEyNS4xLDkzLjl6Ii8+Cjwvc3ZnPgo="
https://rebtel.com,"https://rebtel.imgix.net/upload/v2/logo/rebtel-logo-fb.png?auto=compress,format"
https://1and1.com,https://cs-us.uicdn.net/fileadmin/og_image/logo.png
https://uscellular.com,https://www.uscellular.com/content/uscc-static/en.thumb.800.480.png
https://hughesnet.com,https://www.hughesnet.com/sites/default/files/styles/original_image/public/hughesnet%20logo.webp?itok=WGzVvG0B
https://aweber.com,https://assets.aweber-static.com/www/assets/img/email-automation/paypal.ce31b24c.png
https://animoto.com,"https://cdn.sanity.io/images/xcatvyn0/production/3d8063781a86ca7d284f17af50f3b7fe016ffd8d-1920x1080.png?rect=0,36,1920,1008&w=1200&h=630&auto=format"
https://peoplesmart.com,//frcdn.peoplesmart.com/assets/img/9171a837fd4de151b8e08d542a04eec4.svg
https://megapath.com,https://www.fusionconnect.com/hubfs/images/social-share/fusion-connect.jpg
https://swagbucks.com,//static.prdg.io/dist-non-modules/content/home-6/images/facebookog.ae8947b1a19d28a93ec0.png
https://boingo.com,https://corpsitev2-golden-prod.s3.amazonaws.com/wp-content/uploads/2025/05/Icon-5G-DAS-And-Small-Cells.svg
https://greatcall.com,//shop.lively.com/cdn/shop/files/Lively_Current_BBYH_Logo_Files_8_FINAL_02.23.23_Lively_Phase_2_Color_Vertical.svg?v=1756220265
https://fonality.com,https://sangoma.com/wp-content/uploads/01.png
https://sugarsync.com,http://sugarsync.com/assets/img/og-de62a5a51c.png
https://bmc.com,/content/dam/bmc/bxr/bmc-first/BMC_First_Lockup.svg
https://terra.com,/u/plantillas/p/terra/imgs/favicons/apple-touch-icon.png?v2
https://weebly.com,https://www.weebly.com/editor/uploads/1/_/1/custom_themes/578730180640357361/files/weebly.jpg
https://naver.com,https://s.pstatic.net/static/www/mobile/edit/2016/0705/mobile_212852414260.png
https://register.com,/content/experience-fragments/netsol/site-header/master/_jcr_content/root/header/logo.coreimg.svg/1774292277595/redesign-logo.svg
https://sproutsocial.com,https://brandfolder.sproutsocial.com/VXTUTVL1/at/sj6864s44gt33vnqgqmwvw/lgo_sprout_leaf.png?auto=webp&format=png
https://efax.com,https://www.efax.com/wp-content/uploads/2025/11/efax-meta_generic_img_1200x627.jpg
https://about.me,https://about.me/s3/h/favicon/favicon_180.60004a0b.png
https://teamtreehouse.com,https://ecs-static.teamtreehouse.com/assets/views/marketing/home/logos/nikelogo-52317f00e694dca6cffce5ce014a85b8cc3c2f9448b67e1866bc70c56992419b.png
https://tradedoubler.com,"https://static.wixstatic.com/media/0241cd_23557d09aedf4c3b939763ecab9282d2%7Emv2.png/v1/fit/w_2500,h_1330,al_c/0241cd_23557d09aedf4c3b939763ecab9282d2%7Emv2.png"
https://compete.com,/images/favicon/apple-touch-icon.png
https://nextiva.com,https://www.nextiva.com/wp-content/uploads/2025/02/Nextiva-Logo-Social.png
https://live.com,//res.public.onecdn.static.microsoft/assets/mail/pwa/v4/pngs/apple-touch-icon.png
https://readytalk.com,https://www.readytalk.com/wp-content/uploads/2025/09/euro88.svg
https://hostway.com,https://hostway.com/wp-content/uploads/logo.svg
https://semrush.com,https://www.semrush.com/__static__/semrush-logo-700.43215feb8faa.jpg
https://zinio.com,https://admin-project-assets.ziniopro.com/99/4/1130_1729840862840.png
https://wirefly.com,https://www.wirefly.com/sites/wirefly.com/themes/wirefly/images/web/cell-phone-plans.jpg
https://twilio.com,https://www.twilio.com/content/dam/twilio-com/core-assets/social/twilio-com-default-ogimage.png
https://actonsoftware.com,https://act-on.com/wp-content/uploads/2023/03/AO-logo_Color_616x225.svg
https://newhaven.edu,https://marvel-b1-cdn.bc0a.com/f00000000257779/www.newhaven.edu/_resources/images/_email/logos/unewhaven_stacked_logo_white.png
https://ussearch.com,//assets.ussearch.com/funnel/assets/themes/scooby/img/header/ussearch-primary-branding.svg
https://name.com,/_nuxt/ogimage.WjYw3rHo.jpeg
https://3dcart.com,https://www.shift4shop.com/2015/images/home/new/sm-slide1.png
https://altova.com,/assets/icons/apple-touch-icon-57x57.png
https://android.com,"https://lh3.googleusercontent.com/LYUDWiiqyTSiwzbPsJnYhfTzA3kUAoYgRy_1mpKTZOuLtpaMTaNdPKm8Xesm5mxA_zUSIGy6RO4PxhUnIDgTgbmroxgVpudnc0XKWW0cByZXppI2WGo=n-w1440-h810-fcrop64=1,000011c8ffffef1c-rw"
https://jimdo.com,https://cdn.builder.io/api/v1/image/assets%2F5f66927ba02b4b65a6675eea786b5377%2F25eedf1aa3434530bb604712f4aa7c43
https://headsets.com,https://www.headsets.com/cdn/shop/files/hdslogov2_73010f40-d335-4f14-ba8b-57bbf0df3e58_1204x630.jpg?v=1738601072
https://phonepower.com,http://www.phonepower.com/ppAvatar.gif
https://prana.com,https://www.prana.com/on/demandware.static/Sites-Prana_US-Site/-/default/images/favicons/favicon-196x196.png
https://templatemonster.com,https://s3p.tmimgcdn.com/assets/share_tm.jpg
https://findmespot.com,/getmedia/951481df-5b8a-4ff8-bb23-470677f8a35e/spot-logo.svg
https://gazelle.com,http://buy.gazelle.com/cdn/shop/files/Gazelle_straight_TM_color_RGB.png?v=1728566756
https://tracfone.com,/content/dam/tracfone/logos/TF_2026_RBG.svg
https://houzz.com,//www.houzz.com/res/29645380/pic/houzz_logo.svg?v=29645380
https://rogers.com,https://www.rogers.com/app/prod/assets/i/og-image.png
https://pgi.com,/apple-icon-57x57.png
https://lifesize.com,"data:image/svg+xml;base64,PHN2ZyB2aWV3Qm94PSIwIDAgNTkyIDIwOCIgd2lkdGg9IjU5MiIgaGVpZ2h0PSIyMDgiIHhtbG5zPSJodHRwOi8vd3d3LnczLm9yZy8yMDAwL3N2ZyI+PC9zdmc+"
https://bitly.com,https://mkt-static.bitly.com/static/1778697222/pages/wp-content/uploads/2021/08/bitly_logo.svg
https://proofpoint.com,/themes/custom/proofpoint/apps/drupal/images/favicons/favicon-60x60.png
https://avangate.com,/resources/en/site_pages/2checkout_logotype_white.svg
https://earthlink.net,/images/elnk-logo.svg
https://tel3.com,asset/JK419.jpg
https://ipage.com,https://www1.ipage.com/images/icons/apple-touch-icons/apple-touch-icon-ipage.png
https://toptenreviews.com,https://vanilla.futurecdn.net/toptenreviews/1634457/apple-touch-icon.png
https://ooma.com,/wp-content/themes/ooma/images/office/ai/transcriptions/logo-ooma.png
https://good.com,/_next/image?url=https%3A%2F%2Fa.storyblok.com%2Ff%2F286245462458556%2F1144x80%2Fdce1888423%2Fbblogo2.png%2Fm%2F1920x0%2Ffilters%3Aformat(webp)%3Aquality(100)&w=640&q=75
https://optimum.com,"data:image/svg+xml;base64,PHN2ZyB3aWR0aD0iMTE1IiBoZWlnaHQ9IjI1IiB2aWV3Qm94PSIwIDAgMTE1IDI1IiBmaWxsPSJub25lIiB4bWxucz0iaHR0cDovL3d3dy53My5vcmcvMjAwMC9zdmciPg0KPGcgY2xpcC1wYXRoPSJ1cmwoI2NsaXAwXzEzMjNfODE2KSI+DQo8cGF0aCBkPSJNMzAuODk0NSAxMi40MDA5SDMyLjQyOTJWMTcuNjM1MkMzMi40MjkyIDE5LjQxMjkgMzMuMTY2NiAyMS4wNTIzIDM2LjYxNDYgMjEuMDUyM0MzNy44NzAzIDIxLjA1MjMgMzkuMjg1MyAyMC44OTQzIDM5LjgyMzUgMjAuNzk1NVYxNi40NTAxQzM5LjgyMzUgMTYuNDUwMSAzOS4xODU3IDE2LjQ4OTYgMzguNjI3NiAxNi40Njk4QzM3LjYxMTIgMTYuNDY5OCAzNy42NTEgMTUuOTE2OCAzNy42NTEgMTUuNTYxMlYxMi40MDA5SDM5Ljk2M1Y3LjkxNzI2SDM3LjY3MVYzLjgyODYxSDMyLjQ0OTFWNy45MTcyNkgzMC44OTQ1VjEyLjQwMDlaIiBmaWxsPSIjMTkxOTE5Ii8+DQo8cGF0aCBkPSJNNy4yNTYzMiAxNi41ODg1QzYuMDIwNjIgMTYuNTg4NSA1LjAyNDA4IDE1LjYwMDkgNS4wMjQwOCAxNC4zNzYzQzUuMDI0MDggMTMuMTUxNyA2LjAyMDYyIDEyLjE2NDEgNy4yNTYzMiAxMi4xNjQxQzguNDkyMDIgMTIuMTY0MSA5LjQ4ODU2IDEzLjE1MTcgOS40ODg1NiAxNC4zNzYzQzkuNTA4NDkgMTUuNjAwOSA4LjQ5MjAyIDE2LjU4ODUgNy4yNTYzMiAxNi41ODg1Wk03LjI1NjMyIDcuNDgyOTFDMy4xMTA3NCA3LjQ4MjkxIDAuMDIxNDg0NCAxMC41MjQ3IDAuMDIxNDg0NCAxNC4zNTY2QzAuMDIxNDg0NCAxOC4xODg0IDMuMTEwNzQgMjEuMjMwMiA3LjI1NjMyIDIxLjIzMDJDMTEuNDAxOSAyMS4yMzAyIDE0LjQ5MTIgMTguMTg4NCAxNC40OTEyIDE0LjM1NjZDMTQuNDkxMiAxMC41NDQ1IDExLjQwMTkgNy40ODI5MSA3LjI1NjMyIDcuNDgyOTFaIiBmaWxsPSIjMTkxOTE5Ii8+DQo8cGF0aCBkPSJNMjIuODQyNyAxNi41ODg1QzIxLjYwNyAxNi41ODg1IDIwLjYxMDUgMTUuNjAwOSAyMC42MTA1IDE0LjM3NjNDMjAuNjEwNSAxMy4xNTE3IDIxLjYwNyAxMi4xNjQxIDIyLjg0MjcgMTIuMTY0MUMyNC4wNzg0IDEyLjE2NDEgMjUuMDc0OSAxMy4xNTE3IDI1LjA3NDkgMTQuMzc2M0MyNS4wNzQ5IDE1LjYwMDkgMjQuMDc4NCAxNi41ODg1IDIyLjg0MjcgMTYuNTg4NVpNMjQuMzM3NSA3LjQ4MjkxQzIyLjgwMjggNy40ODI5MSAyMS41NDcyIDcuOTU2OTYgMjAuNjUwMyA4Ljk4NDA2QzIwLjY5MDIgOC44MDYyOSAyMC43MTAxIDguNTEwMDEgMjAuNzEwMSA4LjEzNDcyVjcuOTE3NDVIMTUuNDg4M1YyNC4xNzMzSDIwLjcxMDFWMTkuODI3OUMyMS42MDcgMjAuNzk1NyAyMi44NDI3IDIxLjI1IDI0LjMxNzYgMjEuMjVDMjcuNjg1OSAyMS4yNSAzMC4zMzY2IDE4LjM2NjIgMzAuMzM2NiAxNC4zNTY2QzMwLjM1NjYgMTAuMzY2NyAyNy43MDU4IDcuNDgyOTEgMjQuMzM3NSA3LjQ4MjkxWiIgZmlsbD0iIzE5MTkxOSIvPg0KPHBhdGggZD0iTTExMS42MzIgMTQuNzMxNEMxMDkuODc4IDE0LjczMTQgMTA4LjQ0MyAxNi4xNTM2IDEwOC40NDMgMTcuODkxOEMxMDguNDQzIDE5LjYyOTkgMTA5Ljg3OCAyMS4wNTIxIDExMS42MzIgMjEuMDUyMUMxMTMuMzg2IDIxLjA1MjEgMTE0LjgyMSAxOS42Mjk5IDExNC44MjEgMTcuODkxOEMxMTQuODIxIDE2LjEzMzggMTEzLjM4NiAxNC43MzE0IDExMS42MzIgMTQuNzMxNFoiIGZpbGw9IiNGNjY2MDgiLz4NCjxwYXRoIGQ9Ik00NS41MDE0IDAuNjg3OTg4QzQzLjc0NzUgMC42ODc5ODggNDIuMzEyNSAyLjExMDEzIDQyLjMxMjUgMy44NDgyOUM0Mi4zMTI1IDUuNTg2NDYgNDMuNzQ3NSA3LjAwODYgNDUuNTAxNCA3LjAwODZDNDcuMjU1MyA3LjAwODYgNDguNjkwMyA1LjU4NjQ2IDQ4LjY5MDMgMy44NDgyOUM0OC42OTAzIDIuMTEwMTMgNDcuMjc1MiAwLjY4Nzk4OCA0NS41MDE0IDAuNjg3OTg4WiIgZmlsbD0iIzE5MTkxOSIvPg0KPHBhdGggZD0iTTQxLjM3NyAxMi40MDE3SDQyLjkxMTZWMjAuODE2SDQ4LjEzMzVWNy45MTc5N0g0MS4zNzdWMTIuNDAxN1oiIGZpbGw9IiMxOTE5MTkiLz4NCjxwYXRoIGQ9Ik03OS44ODI3IDE0Ljg3MDJDNzkuODgyNyAxNS45MTcgNzkuMTQ1MyAxNi4yNTI4IDc4LjU2NzMgMTYuMjUyOEM3Ny45ODkzIDE2LjI1MjggNzcuMzExNyAxNS45MTcgNzcuMzExNyAxNC44NzAyVjcuOTE3NDhINzIuMDg5OFYxNS41NDE3QzcyLjA4OTggMTguMjQ3NyA3NC4xNDI3IDIxLjAzMjcgNzguNTg3MiAyMS4wMzI3QzgzLjA1MTcgMjEuMDMyNyA4NS4wODQ2IDE4LjIyOCA4NS4xMjQ1IDE1LjU0MTdWNy45MTc0OEg3OS45MDI3TDc5Ljg4MjcgMTQuODcwMloiIGZpbGw9IiMxOTE5MTkiLz4NCjxwYXRoIGQ9Ik0xMDIuNzYxIDcuNzAwMkMxMDEuMDI3IDcuNzAwMiA5OS42MTIgOC40MzEwMSA5OC42MTU1IDkuNjU1NjNDOTcuODc4MSA4LjQ1MDc3IDk2LjYwMjUgNy43MDAyIDk0Ljk2ODIgNy43MDAyQzkzLjczMjUgNy43MDAyIDkyLjQ1NjkgOC4yNzMgOTEuNjM5OCA5LjIyMTA5QzkxLjYzOTggOS4yMjEwOSA5MS43Mzk0IDguNzg2NTUgOTEuNzM5NCA4LjE1NDQ5VjcuOTE3NDZIODYuNTE3NlYyMC44MzUySDkxLjczOTRWMTIuOTM0NUM5MS44Nzg5IDEyLjY5NzQgOTIuNDE3MSAxMi4yMjM0IDkzLjA3NDggMTIuMjIzNEM5My43NzIzIDEyLjIyMzQgOTQuMzUwMyAxMi42MTg0IDk0LjM1MDMgMTMuNTQ2OFYyMC44MzUySDk5LjU3MjJWMTIuOTM0NUM5OS43MzE2IDEyLjY5NzQgMTAwLjI1IDEyLjIyMzQgMTAwLjkwOCAxMi4yMjM0QzEwMS42MDUgMTIuMjIzNCAxMDIuMTgzIDEyLjYxODQgMTAyLjE4MyAxMy41NDY4VjIwLjgzNTJIMTA3LjQyNVYxMi4wMDYxQzEwNy40MjUgOS4yMDEzNCAxMDUuMDkzIDcuNzAwMiAxMDIuNzYxIDcuNzAwMloiIGZpbGw9IiMxOTE5MTkiLz4NCjxwYXRoIGQ9Ik02NS45ODk2IDcuNzAwMkM2NC4yNTU2IDcuNzAwMiA2Mi44NDA1IDguNDMxMDEgNjEuODQ0IDkuNjU1NjNDNjEuMTA2NiA4LjQ1MDc3IDU5LjgzMSA3LjcwMDIgNTguMTk2NyA3LjcwMDJDNTYuOTYxIDcuNzAwMiA1NS42ODU0IDguMjczIDU0Ljg2ODMgOS4yMjEwOUM1NC44NjgzIDkuMjIxMDkgNTQuOTY3OSA4Ljc4NjU1IDU0Ljk2NzkgOC4xNTQ0OVY3LjkxNzQ2SDQ5Ljc0NjFWMjAuODM1Mkg1NC45Njc5VjEyLjkzNDVDNTUuMTA3NCAxMi42OTc0IDU1LjY0NTYgMTIuMjIzNCA1Ni4zMDMzIDEyLjIyMzRDNTcuMDAwOSAxMi4yMjM0IDU3LjU3ODggMTIuNjE4NCA1Ny41Nzg4IDEzLjU0NjhWMjAuODM1Mkg2Mi44MDA3VjEyLjkzNDVDNjIuOTQwMiAxMi42OTc0IDYzLjQ3ODMgMTIuMjIzNCA2NC4xMzYgMTIuMjIzNEM2NC44MzM2IDEyLjIyMzQgNjUuNDExNiAxMi42MTg0IDY1LjQxMTYgMTMuNTQ2OFYyMC44MzUySDcwLjYzMzRWMTIuMDA2MUM3MC42NTM0IDkuMjAxMzQgNjguMzIxNSA3LjcwMDIgNjUuOTg5NiA3LjcwMDJaIiBmaWxsPSIjMTkxOTE5Ii8+DQo8L2c+DQo8ZGVmcz4NCjxjbGlwUGF0aCBpZD0iY2xpcDBfMTMyM184MTYiPg0KPHJlY3Qgd2lkdGg9IjExNSIgaGVpZ2h0PSIyMy43MDIzIiBmaWxsPSJ3aGl0ZSIgdHJhbnNmb3JtPSJ0cmFuc2xhdGUoMCAwLjY0ODkyNikiLz4NCjwvY2xpcFBhdGg+DQo8L2RlZnM+DQo8L3N2Zz4NCg=="
https://onecallnow.com,https://cms.onecallnow.crisis24.com/sites/default/files/styles/social/public/2025-07/homepage-og_1.jpg.jpeg?itok=UFx_4iXE
https://intercall.com,/app/themes/intercall-sage10/resources/images/intercall-logo.svg
https://box.net,https://assets.box.com/sites/default/files/box_default_og_sharing_image/box-social.jpg
https://webnode.com,https://d1rv23qj5kas56.cloudfront.net/img/sharing/webnode-sharing-2-en.png
https://gazeta.pl,"https://static.im-g.pl/im/8/31693/m31693098,NAV-EMAIL.svg"
https://kissmetrics.com,https://neilpatel.com/wp-content/themes/neilpatel/images/homepage-v2/npdigital-agency.png
https://stackexchange.com,https://cdn.sstatic.net/Sites/stackexchange/Img/apple-touch-icon.png
https://ting.com,https://cdn.prod.website-files.com/60c7597c9e4addef342e8d01/627acac0b40035298d9212a7_JB22-0119-INT-WebsiteOpenGraphImages-Home.jpg
https://tinyurl.com,/images/header/logo.svg
https://myfax.com,/wp-content/uploads/2023/01/logo-myfax-1.svg
https://stumbleupon.com,/images/logo.png
https://consolidated.com,https://d191tlbtp8692k.cloudfront.net/prod/fcom/general/CCI_logo-192x40_2026-04-10-014402_hlaq.svg
https://case-mate.com,http://case-mate.com/cdn/shop/files/cmi_spring_tote_collection_2578x3437_1_copy_1_1.jpg?v=1767972835
https://info.com,https://info.com/wp-content/themes/unified-infocom/logo.svg
https://3dissue.com,//static.3dissue.com/images/clients/logos/nasa.webp
https://spigen.com,https://www.spigen.com/cdn/shop/files/logo-spigen.svg?v=1704242094&width=25
https://griffintechnology.com,//incipio.com/cdn/shop/files/Incipio-New-Shield_Wht_1.jpg?crop=center&height=180&v=1677103838&width=180
https://justhost.com,https://www.bluehost.com/content/dam/bluehost/default-og-image.png
https://meraki.com,https://meraki.cisco.com/wp-content/uploads/2023/03/home-mid-page-quote1-250x45-1.png
https://freeconferencecall.com,/react-assets/logo192.png
https://home.pl,https://cms-assets.home.pl/api/assets/home-pl/517ee8f8-9567-461a-9642-b4d7a0dc06b4/
https://acquia.com,https://www.acquia.com/sites/default/files/media/image/2025-03/Acquia%20Social%20Graphic.png
https://inbox.com,/images/logo.png
https://mxtoolbox.com,/public/favicon/apple-touch-icon.png
https://viglink.com,https://www.sovrn.com/wp-content/uploads/commerce-icon-2.png
https://nifty.com,/images/molecules/OGP_pc.png
https://harris.com,https://www.l3harris.com/sites/default/files/2021-02/Welcome%20to%20L3Harris.com_.png
https://italkbb.com,/image/common/logo_bookmark.jpg
https://credomobile.com,/apple-touch-icon.png
https://cchgroup.com,https://cdn.wolterskluwer.io/wk/jumpstart-v3-assets/0.x.x/logo/large.svg
https://dogpile.com,https://dogpile.com/img/logo.svg
https://ubreakifix.com,//images.ctfassets.net/d9ybqgejqp0w/4NRQb0wxJIQn6sxaZZuzAn/ee5e41a8970fe2c625b19a92c324c94d/ubreakifix-by-asurion-logo-header-nav.svg
https://thenextweb.com,https://media.thenextweb.com/events/hardfork-2018/uploads/social/tnw_191007_110526.png
https://flippa.com,https://static.flippa.com/assets/flippa-OG-f9292629d2f55639e6c50f7cfdb4d6b3eb03fee5662aaaf02d78a2015aa0190e.png
https://cartoys.com,http://www.cartoys.com/cdn/shop/files/cartoys.jpg?v=1683062193
https://sedo.com,https://cdn.sedo.com/c7r/assets/static/images/icons/apple-touch-icon.png?v=dLJ3bx2xjj
https://123contactform.com,https://cdn.marketing123.123formbuilder.com/wp-content/uploads/2024/04/123-paltform-fields-scaled.webp
https://ucoz.com,/ucoz/v3/img/ucozsocial.png
https://zimbra.com,https://www.zimbra.com/wp-content/uploads/2023/07/logo.png
https://lingo.com,/wp-content/uploads/2023/07/Asset-1.png
https://phone.com,https://www.phone.com/wp-content/uploads/2022/05/phone_dot_com_OG_image.png
https://cakemail.com,https://storage.googleapis.com/ckm-images/cakemail/logos/cakemail-logo.svg
https://radaris.com,/img/favicons/apple-touch-icon.png
https://benchmarkemail.com,https://www.benchmarkemail.com/wp-content/uploads/2026/04/rating-credit.svg
https://ebizautos.com,https://www.ebizautos.com/wp-content/uploads/2025/09/eBizAutos.jpg
https://liquidweb.com,"https://res.cloudinary.com/lwcom/images/f_auto,q_auto/v1776856652/prod/Evolution-with-purpose_-The-new-Liquid-Web-by-Nexcess-Old-Brand-Large-1024x1024-1_4311320e71a/Evolution-with-purpose_-The-new-Liquid-Web-by-Nexcess-Old-Brand-Large-1024x1024-1_4311320e71a.webp?_i=AA"
https://scorebig.com,https://www.scorebig.com/images/social-share-logo.png
https://vodafone.com,https://www.vodafone.com/~/media/Images/V/vodafone/universal/logos/og-logo.jpg
https://brighttalk.com,/portal/_next/image?url=https%3A%2F%2Fcdn.brighttalk.com%2Fams%2Fcalifornia%2Fimages%2Fchannel%2F10903%2Fimage_955919.png&w=64&q=80
https://liferay.com,https://www.liferay.com/documents/10182/0/open_graph_image+%281%29.png/a608e357-83f6-e392-979c-6599a8618634/open_graph_image+%281%29.png?version=1.0&t=1646949040894&imagePreview=1
https://marchex.com,https://www.marchex.com/wp-content/uploads/marchex-header-logo.png
https://digicelgroup.com,/apple-icon.png?apple-icon.0gu1-8m30i-db.png?dpl=2004
https://012global.com,./SlicesCache/011Logo.png
https://earthlinkbusiness.com,https://earthlinkbusiness.com/wp-content/uploads/2023/11/elnk-biz-logo-orb.svg
https://1shoppingcart.com,/content/experience-fragments/netsol/site-header/master/_jcr_content/root/header/logo.coreimg.svg/1774292277595/redesign-logo.svg
https://grasshopper.com,/_next/image?url=https%3A%2F%2Fedge.sitecorecloud.io%2Fgototechnol00e8-mktglobalxm07e7-mktglobalpr9498-b870%2Fmedia%2Fproject-global%2Fgrasshopper%2Flogo%2Fgrasshopper-logo-footer.png%3Fh%3D29%26iar%3D0%26w%3D175&w=3840&q=75
https://ciena.com,https://www.ciena.com/__data/assets/image/0036/136998/1200-X-627_No_Text32.png
https://mailjet.com,"data:image/svg+xml,%3Csvg%20xmlns='http://www.w3.org/2000/svg'%20viewBox='0%200%20104%2032'%3E%3C/svg%3E"
https://demandbase.com,https://www.demandbase.com/wp-content/uploads/2026/04/Featured_800x537-10.png
https://thrillist.com,https://assets3.thrillist.com/v1/image/2867798/1200x600/scale;;webp=auto;jpeg_quality=85.jpg
https://unitrends.com,https://www.unitrends.com/seo/default_hu14142289166599843245.png
https://localedge.com,https://localedge.com/images/logo.png
https://singtel.com,https://cdn1.singteldigital.com/content/dam/singtel/online-draft/singtel_logo_coloured.png
https://dialmycalls.com,https://www.dialmycalls.com/wp-content/uploads/2018/02/dmc-logo-fbmain.png
https://sapo.pt,/assets/img/sapo-logo-og.jpg
https://vibe.com,https://www.vibe.com/wp-content/themes/vip/pmc-vibe-2021/assets/app/icons/apple-touch-icon.png
https://hostmonster.com,https://www.bluehost.com/content/dam/bluehost/default-og-image.png
https://kentico.com,"https://res-1.cloudinary.com/xperience-io/image/upload/c_lfill,g_auto,h_40/f_svg,q_auto/v1/logos/bonvenu_bank_logo_purple_1_x7butx"
https://vanillaforums.com,https://www.higherlogic.com/wp-content/uploads/2023/10/logo-teamviewer-logo.svg
https://chitika.com,https://storage.ghost.io/c/22/36/22368316-957e-43c3-a4f9-93111ba87e24/content/images/size/w1200/2025/01/chitik.com-header-3.png
https://telstra.com.au,https://telstra.com.au/content/dam/tcom/lego/logo/telstra-logo-656x370.png
https://engadget.com,https://www.engadget.com/img/engadget-meta-image-1280x720.png
https://sailthru.com,https://zetaglobal.com/wp-content/uploads/2025/12/ZetaMarigold-Landing-page-images-09-1.png
https://esignal.com,/publicdocs/images/esignal-logo.svg
https://99designs.com,https://99designs-start-static.imgix.net/homepage/logo-identity.jpg?auto=format&ch=Width%2CDPR&w=240&h=240&q=50&dpr=2
